{
  "dataset_1_ulb": {
    "Random Forest": {
      "model": "Random Forest",
      "precision": 0.4004106776180698,
      "recall": 0.9898477157360406,
      "f1": 0.5701754385964912,
      "roc_auc": 0.9997704140973342,
      "pr_auc": 0.927961362937836
    },
    "MLP": {
      "model": "MLP",
      "precision": 0.4041025641025641,
      "recall": 1.0,
      "f1": 0.5756026296566837,
      "roc_auc": 0.9998506846356622,
      "pr_auc": 0.9292827897073545
    }
  },
  "dataset_2_ieee": {
    "Random Forest": {
      "model": "Random Forest",
      "precision": 0.11141191170345689,
      "recall": 0.647307924984876,
      "f1": 0.19010393532912853,
      "roc_auc": 0.8220992057751728,
      "pr_auc": 0.26242791080072503
    },
    "MLP": {
      "model": "MLP",
      "precision": 0.09362633589424439,
      "recall": 0.6598306110102843,
      "f1": 0.16398421349370418,
      "roc_auc": 0.7812837465629221,
      "pr_auc": 0.16431372502415822
    }
  },
  "dataset_3_sparkov": {
    "Random Forest": {
      "model": "Random Forest",
      "precision": 0.19506127579344296,
      "recall": 0.9647714026680482,
      "f1": 0.32451153368620533,
      "roc_auc": 0.9960231850866526,
      "pr_auc": 0.7786052220904631
    },
    "MLP": {
      "model": "MLP",
      "precision": 0.11410845588235294,
      "recall": 0.9647714026680482,
      "f1": 0.20407939617265516,
      "roc_auc": 0.9928886098378391,
      "pr_auc": 0.6947644870616567
    }
  }
}