{
  "Random Forest": {
    "model": "Random Forest",
    "precision": 0.4004106776180698,
    "recall": 0.9898477157360406,
    "f1": 0.5701754385964912,
    "roc_auc": 0.9997704140973342,
    "pr_auc": 0.927961362937836
  },
  "MLP": {
    "model": "MLP",
    "precision": 0.4041025641025641,
    "recall": 1.0,
    "f1": 0.5756026296566837,
    "roc_auc": 0.9998506846356622,
    "pr_auc": 0.9292827897073545
  }
}